architecture,trial_id,mean_screen_validation_rank,worst_screen_validation_rank,ranks_zero_shot,ranks_finetuned,ranks_scratch,hidden_size,layers,context_days,graph_layers,n_heads,ff_multiplier
grugcn,2,4.666666666666667,9,3,2,9,64,3,7,2,,
grugcn,0,5.0,8,2,8,5,32,2,30,4,,
transformer,28,8.333333333333334,12,8,5,12,64,2,7,,2,2
transformer,17,8.333333333333334,14,1,14,10,48,1,21,,2,8
gru,8,2.0,3,2,1,3,64,3,45,,,
gru,26,7.0,11,7,3,11,32,3,12,,,
lstm,23,5.666666666666667,10,5,10,2,64,2,45,,,
lstm,4,5.666666666666667,11,11,5,1,64,1,7,,,
time_spatial_transformer,4,5.0,7,7,1,7,64,1,7,,8,2
time_spatial_transformer,21,5.333333333333333,9,1,9,6,64,3,30,,8,8
